{
    "Trial 160": {
        "embedding_dim": 1024,
        "embedding_dropout": 0.07409090944681658,
        "hidden_dim": 256,
        "n_layers": 2,
        "dropout_rate": 0.1494417669734152,
        "norm_type": "ln",
        "activation": "gelu",
        "use_transformer": false,
        "num_attn_layers": 1,
        "attn_dim_feedforward": 768,
        "attn_dropout": 0.13479029204074044,
        "fm_hidden_dim": 96,
        "fm_hidden_layers": 0,
        "fm_dropout": 0.04231321150604778,
        "learning_rate": 0.0003007508765610028,
        "weight_decay": 0.0012005824120539478,
        "grad_clip_norm": 1.2430317845330068,
        "batch_size": 64,
        "label_smoothing": 0.00024889903623021405,
        "focal_gamma": 1.3506801892414875,
        "asl_gamma_neg": 5.580136502527892,
        "asl_gamma_pos": 0.5436749139236287
    },
    "Trial 216": {
        "embedding_dim": 1024,
        "embedding_dropout": 0.07766946661569851,
        "hidden_dim": 256,
        "n_layers": 2,
        "dropout_rate": 0.12199101072879628,
        "norm_type": "ln",
        "activation": "gelu",
        "use_transformer": false,
        "num_attn_layers": 2,
        "attn_dim_feedforward": 768,
        "attn_dropout": 0.11524641931463099,
        "fm_hidden_dim": 160,
        "fm_hidden_layers": 0,
        "fm_dropout": 0.13845241111947384,
        "learning_rate": 0.0004013710525996063,
        "weight_decay": 0.0015871052493582555,
        "grad_clip_norm": 1.4216834518827859,
        "batch_size": 64,
        "label_smoothing": 4.5589322321712466e-05,
        "focal_gamma": 1.345704176820731,
        "asl_gamma_neg": 5.556065104463162,
        "asl_gamma_pos": 0.5075564836521518
    },
    "Trial 154": {
        "embedding_dim": 1024,
        "embedding_dropout": 0.0647542753986201,
        "hidden_dim": 256,
        "n_layers": 2,
        "dropout_rate": 0.11415235440454101,
        "norm_type": "ln",
        "activation": "gelu",
        "use_transformer": false,
        "num_attn_layers": 1,
        "attn_dim_feedforward": 768,
        "attn_dropout": 0.13165761696781997,
        "fm_hidden_dim": 128,
        "fm_hidden_layers": 0,
        "fm_dropout": 0.03779718773786853,
        "learning_rate": 0.0004833215292418694,
        "weight_decay": 0.002177701132888239,
        "grad_clip_norm": 1.1990668345543045,
        "batch_size": 64,
        "label_smoothing": 5.1298641238292034e-05,
        "focal_gamma": 1.5223582958487782,
        "asl_gamma_neg": 5.598898334014612,
        "asl_gamma_pos": 0.580369322423207
    },
    "Trial 126": {
        "embedding_dim": 1024,
        "embedding_dropout": 0.2920854799295165,
        "hidden_dim": 768,
        "n_layers": 2,
        "dropout_rate": 0.10266044545291,
        "norm_type": "ln",
        "activation": "gelu",
        "use_transformer": false,
        "num_attn_layers": 1,
        "attn_dim_feedforward": 768,
        "attn_dropout": 0.12959098662879448,
        "fm_hidden_dim": 128,
        "fm_hidden_layers": 0,
        "fm_dropout": 0.16203704763626797,
        "learning_rate": 0.0005315674824867443,
        "weight_decay": 0.0023067128897245157,
        "grad_clip_norm": 1.111207274822881,
        "batch_size": 64,
        "label_smoothing": 0.0016629853675671322,
        "focal_gamma": 1.5217971790127325,
        "asl_gamma_neg": 5.998689620203273,
        "asl_gamma_pos": 0.7188871474384004
    },
    "Trial 224": {
        "embedding_dim": 1024,
        "embedding_dropout": 0.06894447877361297,
        "hidden_dim": 384,
        "n_layers": 2,
        "dropout_rate": 0.10866771004440369,
        "norm_type": "ln",
        "activation": "gelu",
        "use_transformer": false,
        "num_attn_layers": 2,
        "attn_dim_feedforward": 768,
        "attn_dropout": 0.13649038672678293,
        "fm_hidden_dim": 96,
        "fm_hidden_layers": 0,
        "fm_dropout": 0.028947277256573374,
        "learning_rate": 0.00044047137790761927,
        "weight_decay": 0.0009125890034331572,
        "grad_clip_norm": 1.398745031132849,
        "batch_size": 64,
        "label_smoothing": 0.003202568197687763,
        "focal_gamma": 1.383477414775254,
        "asl_gamma_neg": 5.7815223365420465,
        "asl_gamma_pos": 0.5779305993184121
    }
}