{
    "Trial 54": {
        "embedding_dim": 2048,
        "embedding_dropout": 0.20679790061856448,
        "hidden_dim": 576,
        "dropout_rate": 0.10560107469676884,
        "fm_hidden_dim": 96,
        "fm_dropout": 0.1926073212381781,
        "learning_rate": 0.0007551685910281435,
        "weight_decay": 0.0025628103114714138,
        "grad_clip_norm": 1.1875599584493461,
        "label_smoothing": 0.002440779399883896,
        "focal_gamma": 1.481877577958371,
        "asl_gamma_neg": 6.337214595359238,
        "asl_gamma_pos": 0.7826076349437211
    },
    "Trial 74": {
        "embedding_dim": 2048,
        "embedding_dropout": 0.23223784062092942,
        "hidden_dim": 512,
        "dropout_rate": 0.09900228655726737,
        "fm_hidden_dim": 96,
        "fm_dropout": 0.16781853140571526,
        "learning_rate": 0.0005091885537279712,
        "weight_decay": 0.0024399594521529815,
        "grad_clip_norm": 1.2080419800270843,
        "label_smoothing": 0.002645923681060852,
        "focal_gamma": 1.6520884460356582,
        "asl_gamma_neg": 6.322672812204592,
        "asl_gamma_pos": 0.8122779643353146
    },
    "Trial 39": {
        "embedding_dim": 1024,
        "embedding_dropout": 0.13806846499489925,
        "hidden_dim": 576,
        "dropout_rate": 0.08530053684819003,
        "fm_hidden_dim": 160,
        "fm_dropout": 0.18012518960989385,
        "learning_rate": 0.0005243808680908498,
        "weight_decay": 0.004856896943884757,
        "grad_clip_norm": 1.338060508608189,
        "label_smoothing": 0.0008281696624133197,
        "focal_gamma": 1.4454130924525932,
        "asl_gamma_neg": 5.807759985102925,
        "asl_gamma_pos": 0.624166088611091
    },
    "Trial 76": {
        "embedding_dim": 2048,
        "embedding_dropout": 0.21262509195829135,
        "hidden_dim": 512,
        "dropout_rate": 0.08841431365037976,
        "fm_hidden_dim": 128,
        "fm_dropout": 0.19001459023287873,
        "learning_rate": 0.0006357611256099033,
        "weight_decay": 0.0031422668341876962,
        "grad_clip_norm": 1.3197786531296627,
        "label_smoothing": 0.002832989504197846,
        "focal_gamma": 1.6646240614711216,
        "asl_gamma_neg": 6.098961602927952,
        "asl_gamma_pos": 0.8335801714088031
    },
    "Trial 64": {
        "embedding_dim": 2048,
        "embedding_dropout": 0.19693282037803436,
        "hidden_dim": 512,
        "dropout_rate": 0.11165722191971926,
        "fm_hidden_dim": 96,
        "fm_dropout": 0.17880535617092136,
        "learning_rate": 0.0007121518804605211,
        "weight_decay": 0.002947894995751122,
        "grad_clip_norm": 1.2124935271009785,
        "label_smoothing": 0.002890032331535792,
        "focal_gamma": 1.6086882031745457,
        "asl_gamma_neg": 6.340491171386057,
        "asl_gamma_pos": 0.808784572083249
    }
}