{
    "embedding_dim": 1024,
    "embedding_dropout": 0.2920854799295165,
    "hidden_dim": 768,
    "n_layers": 2,
    "dropout_rate": 0.10266044545291,
    "norm_type": "ln",
    "activation": "gelu",
    "use_transformer": false,
    "num_attn_layers": 1,
    "attn_dim_feedforward": 768,
    "attn_dropout": 0.12959098662879448,
    "fm_hidden_dim": 128,
    "fm_hidden_layers": 0,
    "fm_dropout": 0.16203704763626797,
    "learning_rate": 0.0005315674824867443,
    "weight_decay": 0.0023067128897245157,
    "grad_clip_norm": 1.111207274822881,
    "batch_size": 64,
    "label_smoothing": 0.0016629853675671322,
    "focal_gamma": 1.5217971790127325,
    "asl_gamma_neg": 5.998689620203273,
    "asl_gamma_pos": 0.7188871474384004
}