{
  "model": "Phenotype_Effect_Outcome",
  "optimization_type": "multi_objective",
  "n_trials": 300,
  "completed_trials": 300,
  "best_trial": {
    "number": 56,
    "values": [
      2.7921445142655146,
      -0.489052545772569
    ],
    "params": {
      "embedding_dim": 256,
      "n_layers": 2,
      "hidden_dim": 2176,
      "dropout_rate": 0.6826665445146843,
      "weight_decay": 0.0001478755319922093,
      "learning_rate": 0.0002023597603520488,
      "batch_size": 64,
      "attention_dim_feedforward": 3840,
      "attention_dropout": 0.48387265129374835,
      "num_attention_layers": 2,
      "focal_gamma": 1.1605241620974445,
      "focal_alpha_weight": 1.3417203741569734,
      "label_smoothing": 0.11100845590336689,
      "optimizer_type": "rmsprop",
      "adam_beta1": 0.9274739067173281,
      "adam_beta2": 0.9918746988410512,
      "sgd_momentum": [
        0.85,
        0.99
      ],
      "scheduler_type": "none",
      "scheduler_factor": 0.38890844194888574,
      "scheduler_patience": 4,
      "uncertainty_weighting": [
        true,
        false
      ],
      "manual_task_weights": true,
      "use_batch_norm": true,
      "use_layer_norm": true,
      "activation_function": "gelu",
      "gradient_clip_norm": 2.231503593586354,
      "fm_dropout": 0.34731215338736454,
      "fm_hidden_layers": 2,
      "fm_hidden_dim": 384,
      "embedding_dropout": 0.1546248948072961,
      "drug_embedding_dim": [
        "int",
        64,
        1024,
        32
      ],
      "gene_embedding_dim": [
        "int",
        64,
        1024,
        32
      ],
      "allele_embedding_dim": [
        "int",
        32,
        512,
        16
      ],
      "genalle_embedding_dim": [
        "int",
        64,
        1024,
        32
      ],
      "warmup_epochs": [
        "int",
        0,
        20,
        1
      ],
      "early_stopping_patience": 25,
      "validation_frequency": [
        "int",
        1,
        5,
        1
      ]
    },
    "user_attrs": {
      "all_accuracies": [
        0.868920972644377,
        0.6607142857142857,
        0.4673252279635258
      ],
      "avg_accuracy": 0.6656534954407295,
      "critical_task_f1": 0.489052545772569,
      "critical_task_name": "effect_type",
      "effect_direction_f1_macro": 0.5623500562305223,
      "effect_direction_f1_weighted": 0.6586071937527107,
      "effect_direction_precision_macro": 0.6054750844102922,
      "effect_direction_recall_macro": 0.5368957785471086,
      "effect_type_f1_macro": 0.3570673248384186,
      "effect_type_f1_weighted": 0.489052545772569,
      "effect_type_precision_macro": 0.35661561911612866,
      "effect_type_recall_macro": 0.3679149266753298,
      "full_params": {
        "embedding_dim": 256,
        "n_layers": 2,
        "hidden_dim": 2176,
        "dropout_rate": 0.6826665445146843,
        "weight_decay": 0.0001478755319922093,
        "learning_rate": 0.0002023597603520488,
        "batch_size": 64,
        "attention_dim_feedforward": 3840,
        "attention_dropout": 0.48387265129374835,
        "num_attention_layers": 2,
        "focal_gamma": 1.1605241620974445,
        "focal_alpha_weight": 1.3417203741569734,
        "label_smoothing": 0.11100845590336689,
        "optimizer_type": "rmsprop",
        "adam_beta1": 0.9274739067173281,
        "adam_beta2": 0.9918746988410512,
        "sgd_momentum": [
          0.85,
          0.99
        ],
        "scheduler_type": "none",
        "scheduler_factor": 0.38890844194888574,
        "scheduler_patience": 4,
        "uncertainty_weighting": [
          true,
          false
        ],
        "manual_task_weights": true,
        "use_batch_norm": true,
        "use_layer_norm": true,
        "activation_function": "gelu",
        "gradient_clip_norm": 2.231503593586354,
        "fm_dropout": 0.34731215338736454,
        "fm_hidden_layers": 2,
        "fm_hidden_dim": 384,
        "embedding_dropout": 0.1546248948072961,
        "drug_embedding_dim": [
          "int",
          64,
          1024,
          32
        ],
        "gene_embedding_dim": [
          "int",
          64,
          1024,
          32
        ],
        "allele_embedding_dim": [
          "int",
          32,
          512,
          16
        ],
        "genalle_embedding_dim": [
          "int",
          64,
          1024,
          32
        ],
        "warmup_epochs": [
          "int",
          0,
          20,
          1
        ],
        "early_stopping_patience": 25,
        "validation_frequency": [
          "int",
          1,
          5,
          1
        ]
      },
      "normalized_loss": 0.5501574164582328,
      "phenotype_outcome_f1_macro": 0.5567717773248989,
      "phenotype_outcome_f1_samples": 0.6903495440729484,
      "phenotype_outcome_precision_samples": 0.6916793313069909,
      "phenotype_outcome_recall_samples": 0.7025709219858155,
      "seed": 711
    }
  },
  "clinical_priorities": {
    "effect_type": 0.6,
    "phenotype_outcome": 0.25,
    "effect_direction": 0.15
  },
  "pareto_front": [
    {
      "number": 56,
      "values": [
        2.7921445142655146,
        -0.489052545772569
      ],
      "params": {
        "embedding_dim": 256,
        "n_layers": 2,
        "hidden_dim": 2176,
        "dropout_rate": 0.6826665445146843,
        "weight_decay": 0.0001478755319922093,
        "learning_rate": 0.0002023597603520488,
        "batch_size": 64,
        "attention_dim_feedforward": 3840,
        "attention_dropout": 0.48387265129374835,
        "num_attention_layers": 2,
        "focal_gamma": 1.1605241620974445,
        "focal_alpha_weight": 1.3417203741569734,
        "label_smoothing": 0.11100845590336689,
        "optimizer_type": "rmsprop",
        "adam_beta1": 0.9274739067173281,
        "adam_beta2": 0.9918746988410512,
        "sgd_momentum": [
          0.85,
          0.99
        ],
        "scheduler_type": "none",
        "scheduler_factor": 0.38890844194888574,
        "scheduler_patience": 4,
        "uncertainty_weighting": [
          true,
          false
        ],
        "manual_task_weights": true,
        "use_batch_norm": true,
        "use_layer_norm": true,
        "activation_function": "gelu",
        "gradient_clip_norm": 2.231503593586354,
        "fm_dropout": 0.34731215338736454,
        "fm_hidden_layers": 2,
        "fm_hidden_dim": 384,
        "embedding_dropout": 0.1546248948072961,
        "drug_embedding_dim": [
          "int",
          64,
          1024,
          32
        ],
        "gene_embedding_dim": [
          "int",
          64,
          1024,
          32
        ],
        "allele_embedding_dim": [
          "int",
          32,
          512,
          16
        ],
        "genalle_embedding_dim": [
          "int",
          64,
          1024,
          32
        ],
        "warmup_epochs": [
          "int",
          0,
          20,
          1
        ],
        "early_stopping_patience": 25,
        "validation_frequency": [
          "int",
          1,
          5,
          1
        ]
      },
      "critical_f1": 0.489052545772569
    },
    {
      "number": 92,
      "values": [
        1.4223171330633617,
        -0.4621774492803488
      ],
      "params": {
        "embedding_dim": 256,
        "n_layers": 3,
        "hidden_dim": 1920,
        "dropout_rate": 0.5817860886625308,
        "weight_decay": 3.076396316622712e-05,
        "learning_rate": 0.0003335936245062351,
        "batch_size": 64,
        "attention_dim_feedforward": 3328,
        "attention_dropout": 0.31815961482316035,
        "num_attention_layers": 1,
        "focal_gamma": 1.6185340809435065,
        "focal_alpha_weight": 0.3621772430109659,
        "label_smoothing": 0.03348775966166659,
        "optimizer_type": "adam",
        "adam_beta1": 0.8969140490939378,
        "adam_beta2": 0.99513584629384,
        "sgd_momentum": [
          0.85,
          0.99
        ],